[{"model": "guru.guru", "pk": 11, "fields": {"password": "pbkdf2_sha256$180000$lUsZwoUVGDcf$8PJRDoeBwBXoM5gEOi0BrjevP/Xvs+z9lwE8DGfWNF0=", "nip": "4444", "nama": "Hariz Munawar", "nama_gelar": "Hariz Munawar, S.E., S.Pd.", "email": "munawarhariz@gmail.com", "gender": "P", "tempat_lahir": "Bandung", "tanggal_lahir": "2021-03-08", "agama": "Islam", "alamat": "Cimahi", "date_joined": "2021-03-08T16:43:34.014Z", "last_login": "2021-03-13T15:49:43.804Z", "is_admin": true, "is_staff": true, "is_superuser": true, "is_walikelas": true, "is_staftu": true, "is_active": true, "avatar": "/home/munawar/Project/REI/media//avatar/guru/4444.jpg"}}, {"model": "guru.guru", "pk": 12, "fields": {"password": "pbkdf2_sha256$180000$EwrNTusW0jZY$GUFizVDMk2bosvug/UMkIdehVq+CphLJRVZguQrcmP4=", "nip": "11111", "nama": "Mona Marantika", "nama_gelar": "Mona Marantika, M.T.", "email": "monamarantika@gmail.com", "gender": "W", "tempat_lahir": "Bandung", "tanggal_lahir": "2020-09-21", "agama": "Islam", "alamat": "Cimindi", "date_joined": "2021-03-08T16:55:46.385Z", "last_login": "2021-03-10T15:55:36.918Z", "is_admin": false, "is_staff": false, "is_superuser": false, "is_walikelas": true, "is_staftu": true, "is_active": true, "avatar": "/home/munawar/Project/REI/media/avatar/guru/11111.png"}}, {"model": "guru.guru", "pk": 13, "fields": {"password": "pbkdf2_sha256$180000$KH6dmJ7sq9dY$2j2oUMLyABYaefHuyYQdkR1/l6I6Rgny1uqoT//zsXA=", "nip": "55555", "nama": "Hasbi Hawarizmi", "nama_gelar": "Hasbi Hawarizmi, A.Ma.Ds.", "email": "hasbirizmi@gmail.com", "gender": "P", "tempat_lahir": "Bandung", "tanggal_lahir": "2021-03-08", "agama": "Islam", "alamat": "Cimindi", "date_joined": "2021-03-09T12:19:50.889Z", "last_login": "2021-03-12T09:29:01.245Z", "is_admin": false, "is_staff": false, "is_superuser": false, "is_walikelas": true, "is_staftu": false, "is_active": true, "avatar": "/home/munawar/Project/REI/media/avatar/guru/55555.png"}}, {"model": "guru.guru", "pk": 14, "fields": {"password": "pbkdf2_sha256$180000$vM1oQjjk9EaG$6Xb/ShPWPwjX9W21gcLuzAoOj6BhLqzV6yL6FHP2+WM=", "nip": "181564612556454444", "nama": "Hariz Sufyan Munawar", "nama_gelar": "Hariz Sufyan Munawar", "email": "munawarhariz@gmail.com", "gender": "P", "tempat_lahir": "Bandung", "tanggal_lahir": "2021-03-08", "agama": "Islam", "alamat": "Lembah Teratai Blok N no.12", "date_joined": "2021-03-09T17:17:50.902Z", "last_login": "2021-03-10T17:47:52.698Z", "is_admin": false, "is_staff": false, "is_superuser": false, "is_walikelas": true, "is_staftu": false, "is_active": true, "avatar": "/home/munawar/Project/REI/media/avatar/guru/181564612556454444.png"}}, {"model": "guru.gelar", "pk": 4, "fields": {"guru": 11, "tingkat_gelar": "S.", "verbose_tingkat": "Sarjana", "jurusan": "Pd.", "verbose_jurusan": "Teknologi Pendidikan", "universitas": "Universitas Indonesia", "gelar": "S.Pd."}}, {"model": "guru.gelar", "pk": 9, "fields": {"guru": 11, "tingkat_gelar": "S.", "verbose_tingkat": "Sarjana", "jurusan": "E.", "verbose_jurusan": "Manajemen", "universitas": "Universitas Gadjah Mada", "gelar": "S.E."}}, {"model": "guru.gelar", "pk": 12, "fields": {"guru": 12, "tingkat_gelar": "M.", "verbose_tingkat": "Magister", "jurusan": "T.", "verbose_jurusan": "Teknik Transportasi Laut", "universitas": "Universitas Indonesia", "gelar": "M.T."}}, {"model": "guru.gelar", "pk": 13, "fields": {"guru": 13, "tingkat_gelar": "A.Ma.", "verbose_tingkat": "Diploma 2", "jurusan": "Ds.", "verbose_jurusan": "Desain Produk", "universitas": "Universitas Indonesia", "gelar": "A.Ma.Ds."}}, {"model": "sekolah.sekolah", "pk": 1, "fields": {"nama": "SMK Negeri 1 Cimahi", "tingkat": "SMK", "tingkat_verbose": "Sekolah Menengah Kejuruan", "npsn": "11111", "alamat": "Lembah Teratai Blok N no.12", "kode_pos": "40522", "no_telepon": "0851621654864848", "kelurahan": "Utama", "kecamatan": "Cimahi Selatan", "kota": "Cimahi", "provinsi": "Jawa Barat", "website": "lms@smkn1cmi", "email": "smkn1@edumail.com", "kepsek": 11}}, {"model": "sekolah.tahunpelajaran", "pk": 19, "fields": {"mulai": "2021", "akhir": "2022", "is_active": true}}, {"model": "sekolah.tahunpelajaran", "pk": 20, "fields": {"mulai": "2022", "akhir": "2023", "is_active": false}}, {"model": "sekolah.tahunpelajaran", "pk": 21, "fields": {"mulai": "2023", "akhir": "2024", "is_active": false}}, {"model": "sekolah.semester", "pk": 37, "fields": {"nama": "2021/2022 Ganjil", "tahun_pelajaran": 19, "semester": "Ganjil", "is_active": true}}, {"model": "sekolah.semester", "pk": 38, "fields": {"nama": "2021/2022 Genap", "tahun_pelajaran": 19, "semester": "Genap", "is_active": false}}, {"model": "sekolah.semester", "pk": 39, "fields": {"nama": "2022/2023 Ganjil", "tahun_pelajaran": 20, "semester": "Ganjil", "is_active": false}}, {"model": "sekolah.semester", "pk": 40, "fields": {"nama": "2022/2023 Genap", "tahun_pelajaran": 20, "semester": "Genap", "is_active": false}}, {"model": "sekolah.semester", "pk": 41, "fields": {"nama": "2023/2024 Ganjil", "tahun_pelajaran": 21, "semester": "Ganjil", "is_active": false}}, {"model": "sekolah.semester", "pk": 42, "fields": {"nama": "2023/2024 Genap", "tahun_pelajaran": 21, "semester": "Genap", "is_active": false}}, {"model": "sekolah.jurusan", "pk": 18, "fields": {"nama": "Rekayasa Perangkat Lunak", "singkat": "RPL"}}, {"model": "sekolah.jurusan", "pk": 20, "fields": {"nama": "Mekatronika", "singkat": "MEKA"}}, {"model": "sekolah.matapelajaran", "pk": 14, "fields": {"nama": "Bahasa Indonesia", "singkat": null, "kelompok": "NA"}}, {"model": "sekolah.matapelajaran", "pk": 15, "fields": {"nama": "Pemrograman Dasar", "singkat": null, "kelompok": "WS"}}, {"model": "sekolah.matapelajaran", "pk": 16, "fields": {"nama": "Bahasa Inggris", "singkat": null, "kelompok": "NA"}}, {"model": "sekolah.kkm", "pk": 8, "fields": {"matapelajaran": 14, "tahun_pelajaran": 19, "pengetahuan": 80, "keterampilan": 80}}, {"model": "sekolah.kkm", "pk": 9, "fields": {"matapelajaran": 15, "tahun_pelajaran": 19, "pengetahuan": 0, "keterampilan": 0}}, {"model": "sekolah.kkm", "pk": 10, "fields": {"matapelajaran": 16, "tahun_pelajaran": 19, "pengetahuan": 0, "keterampilan": 0}}, {"model": "sekolah.kkm", "pk": 11, "fields": {"matapelajaran": 14, "tahun_pelajaran": 20, "pengetahuan": 0, "keterampilan": 0}}, {"model": "sekolah.kelas", "pk": 6, "fields": {"tingkat": "12", "jurusan": 18, "kelas": "A", "walikelas": 12, "tahun_pelajaran": 19, "nama": "12-RPL-A", "matapelajaran": [14, 15]}}, {"model": "sekolah.kelas", "pk": 7, "fields": {"tingkat": "12", "jurusan": 18, "kelas": "B", "walikelas": null, "tahun_pelajaran": 19, "nama": "12-RPL-B", "matapelajaran": []}}, {"model": "sekolah.kelas", "pk": 8, "fields": {"tingkat": "11", "jurusan": 18, "kelas": "A", "walikelas": null, "tahun_pelajaran": 19, "nama": "11-RPL-A", "matapelajaran": [15]}}, {"model": "sekolah.kelas", "pk": 9, "fields": {"tingkat": "11", "jurusan": 18, "kelas": "B", "walikelas": null, "tahun_pelajaran": 19, "nama": "11-RPL-B", "matapelajaran": []}}, {"model": "sekolah.kelas", "pk": 10, "fields": {"tingkat": "12", "jurusan": 18, "kelas": "A", "walikelas": 12, "tahun_pelajaran": 20, "nama": "12-RPL-A", "matapelajaran": [14]}}, {"model": "sekolah.ekskul", "pk": 8, "fields": {"nama": "FDI", "jenis": "Keagamaan"}}, {"model": "sekolah.ekskul", "pk": 9, "fields": {"nama": "Basket", "jenis": "Olahraga"}}, {"model": "sekolah.rapor", "pk": 7, "fields": {"siswa": 9, "semester": 37, "rapor": "/home/munawar/Project/REI/media//rapor/2021 - 2022 Ganjil/RPL/11-RPL-B/Ilham Shiddiq.pdf"}}, {"model": "siswa.siswa", "pk": 3, "fields": {"nama": "Hariz Sufyan Munawar", "nisn": "0040172372", "nis": "123213", "email": "munawarhariz@gmail.com", "tempat_lahir": "Bandung", "tanggal_lahir": "2021-03-08", "gender": "P", "agama": "Islam", "alamat": "Lembah Teratai Blok N no.12", "sekolah_asal": "SMP Negeri 3 Cimahi", "diterima_di_tingkat": "10", "nama_ayah": "Moch. Yusuf", "nama_ibu": "Zulaekah", "nama_wali": null, "kelas": [6, 10]}}, {"model": "siswa.siswa", "pk": 5, "fields": {"nama": "Shaddam Amru", "nisn": "0031068496", "nis": "123213512", "email": "shaddam.a.h@gmail.com", "tempat_lahir": "Bandung", "tanggal_lahir": "2021-03-10", "gender": "P", "agama": "Islam", "alamat": "Cijerah", "sekolah_asal": "SMP Negeri 4 Bandung", "diterima_di_tingkat": "10", "nama_ayah": "Amri Hasibuan", "nama_ibu": "Ani Hasibuan", "nama_wali": null, "kelas": [6]}}, {"model": "siswa.siswa", "pk": 9, "fields": {"nama": "Ilham Shiddiq", "nisn": "0024633245", "nis": "181113836", "email": "shdqillham123@gmail.com", "tempat_lahir": "Cimahi", "tanggal_lahir": "2003-07-03", "gender": "P", "agama": "Islam", "alamat": "Padasuka", "sekolah_asal": "SMK1", "diterima_di_tingkat": "10", "nama_ayah": "Secret", "nama_ibu": "Secret", "nama_wali": "Secret", "kelas": [9]}}, {"model": "siswa.nilai", "pk": 5, "fields": {"siswa": 5, "matapelajaran": 14, "semester": 37, "pengetahuan": 70, "keterampilan": 70}}, {"model": "siswa.nilai", "pk": 6, "fields": {"siswa": 5, "matapelajaran": 15, "semester": 37, "pengetahuan": 70, "keterampilan": 70}}, {"model": "siswa.nilai", "pk": 7, "fields": {"siswa": 5, "matapelajaran": 14, "semester": 38, "pengetahuan": 80, "keterampilan": 80}}, {"model": "siswa.nilai", "pk": 8, "fields": {"siswa": 5, "matapelajaran": 15, "semester": 38, "pengetahuan": 80, "keterampilan": 80}}, {"model": "siswa.absensi", "pk": 22, "fields": {"siswa": 5, "semester": 37, "izin": 4, "sakit": 2, "bolos": 3}}, {"model": "siswa.absensi", "pk": 23, "fields": {"siswa": 3, "semester": 37, "izin": 0, "sakit": 0, "bolos": 0}}, {"model": "siswa.absensi", "pk": 24, "fields": {"siswa": 5, "semester": 38, "izin": 0, "sakit": 0, "bolos": 0}}, {"model": "siswa.absensi", "pk": 25, "fields": {"siswa": 9, "semester": 37, "izin": 0, "sakit": 0, "bolos": 0}}, {"model": "siswa.nilaiekskul", "pk": 11, "fields": {"ekskul": 9, "siswa": 5, "semester": 37, "nilai": "B"}}, {"model": "siswa.nilaiekskul", "pk": 13, "fields": {"ekskul": 8, "siswa": 5, "semester": 37, "nilai": ""}}, {"model": "contenttypes.contenttype", "pk": 39, "fields": {"app_label": "guru", "model": "guru"}}, {"model": "contenttypes.contenttype", "pk": 40, "fields": {"app_label": "guru", "model": "gelar"}}, {"model": "contenttypes.contenttype", "pk": 41, "fields": {"app_label": "sekolah", "model": "sekolah"}}, {"model": "contenttypes.contenttype", "pk": 42, "fields": {"app_label": "sekolah", "model": "tahunpelajaran"}}, {"model": "contenttypes.contenttype", "pk": 43, "fields": {"app_label": "sekolah", "model": "semester"}}, {"model": "contenttypes.contenttype", "pk": 44, "fields": {"app_label": "sekolah", "model": "jurusan"}}, {"model": "contenttypes.contenttype", "pk": 45, "fields": {"app_label": "sekolah", "model": "matapelajaran"}}, {"model": "contenttypes.contenttype", "pk": 46, "fields": {"app_label": "sekolah", "model": "kkm"}}, {"model": "contenttypes.contenttype", "pk": 47, "fields": {"app_label": "sekolah", "model": "kelas"}}, {"model": "contenttypes.contenttype", "pk": 48, "fields": {"app_label": "sekolah", "model": "ekskul"}}, {"model": "contenttypes.contenttype", "pk": 49, "fields": {"app_label": "sekolah", "model": "rapor"}}, {"model": "contenttypes.contenttype", "pk": 50, "fields": {"app_label": "siswa", "model": "siswa"}}, {"model": "contenttypes.contenttype", "pk": 51, "fields": {"app_label": "siswa", "model": "nilai"}}, {"model": "contenttypes.contenttype", "pk": 52, "fields": {"app_label": "siswa", "model": "absensi"}}, {"model": "contenttypes.contenttype", "pk": 53, "fields": {"app_label": "siswa", "model": "nilaiekskul"}}, {"model": "contenttypes.contenttype", "pk": 54, "fields": {"app_label": "admin", "model": "logentry"}}, {"model": "contenttypes.contenttype", "pk": 55, "fields": {"app_label": "auth", "model": "permission"}}, {"model": "contenttypes.contenttype", "pk": 56, "fields": {"app_label": "auth", "model": "group"}}, {"model": "contenttypes.contenttype", "pk": 57, "fields": {"app_label": "contenttypes", "model": "contenttype"}}, {"model": "contenttypes.contenttype", "pk": 58, "fields": {"app_label": "sessions", "model": "session"}}, {"model": "sessions.session", "pk": "9ffwu8b0yb2f07ign9c14rn7mnbv6gal", "fields": {"session_data": "NTRjY2NjOWUwYzAyMmE4N2FkZTdhMjRjNDdlYjI2NGVkNzhiODFlMDp7Il9hdXRoX3VzZXJfaWQiOiIxMSIsIl9hdXRoX3VzZXJfYmFja2VuZCI6ImRqYW5nby5jb250cmliLmF1dGguYmFja2VuZHMuQWxsb3dBbGxVc2Vyc01vZGVsQmFja2VuZCIsIl9hdXRoX3VzZXJfaGFzaCI6ImY0ZTJkYzVmZmRiNmQ4YzMwMjdhZDg3ZDk5MmEwMGNhODFlNDY1NjMiLCJwYWdlIjoiUHJvZmlsIEhhcml6IFN1ZnlhbiBNdW5hd2FyIn0=", "expire_date": "2021-03-27T16:12:11.498Z"}}, {"model": "auth.permission", "pk": 153, "fields": {"name": "Can add guru", "content_type": 39, "codename": "add_guru"}}, {"model": "auth.permission", "pk": 154, "fields": {"name": "Can change guru", "content_type": 39, "codename": "change_guru"}}, {"model": "auth.permission", "pk": 155, "fields": {"name": "Can delete guru", "content_type": 39, "codename": "delete_guru"}}, {"model": "auth.permission", "pk": 156, "fields": {"name": "Can view guru", "content_type": 39, "codename": "view_guru"}}, {"model": "auth.permission", "pk": 157, "fields": {"name": "Can add gelar", "content_type": 40, "codename": "add_gelar"}}, {"model": "auth.permission", "pk": 158, "fields": {"name": "Can change gelar", "content_type": 40, "codename": "change_gelar"}}, {"model": "auth.permission", "pk": 159, "fields": {"name": "Can delete gelar", "content_type": 40, "codename": "delete_gelar"}}, {"model": "auth.permission", "pk": 160, "fields": {"name": "Can view gelar", "content_type": 40, "codename": "view_gelar"}}, {"model": "auth.permission", "pk": 161, "fields": {"name": "Can add Informasi Sekolah", "content_type": 41, "codename": "add_sekolah"}}, {"model": "auth.permission", "pk": 162, "fields": {"name": "Can change Informasi Sekolah", "content_type": 41, "codename": "change_sekolah"}}, {"model": "auth.permission", "pk": 163, "fields": {"name": "Can delete Informasi Sekolah", "content_type": 41, "codename": "delete_sekolah"}}, {"model": "auth.permission", "pk": 164, "fields": {"name": "Can view Informasi Sekolah", "content_type": 41, "codename": "view_sekolah"}}, {"model": "auth.permission", "pk": 165, "fields": {"name": "Can add tahun pelajaran", "content_type": 42, "codename": "add_tahunpelajaran"}}, {"model": "auth.permission", "pk": 166, "fields": {"name": "Can change tahun pelajaran", "content_type": 42, "codename": "change_tahunpelajaran"}}, {"model": "auth.permission", "pk": 167, "fields": {"name": "Can delete tahun pelajaran", "content_type": 42, "codename": "delete_tahunpelajaran"}}, {"model": "auth.permission", "pk": 168, "fields": {"name": "Can view tahun pelajaran", "content_type": 42, "codename": "view_tahunpelajaran"}}, {"model": "auth.permission", "pk": 169, "fields": {"name": "Can add semester", "content_type": 43, "codename": "add_semester"}}, {"model": "auth.permission", "pk": 170, "fields": {"name": "Can change semester", "content_type": 43, "codename": "change_semester"}}, {"model": "auth.permission", "pk": 171, "fields": {"name": "Can delete semester", "content_type": 43, "codename": "delete_semester"}}, {"model": "auth.permission", "pk": 172, "fields": {"name": "Can view semester", "content_type": 43, "codename": "view_semester"}}, {"model": "auth.permission", "pk": 173, "fields": {"name": "Can add jurusan", "content_type": 44, "codename": "add_jurusan"}}, {"model": "auth.permission", "pk": 174, "fields": {"name": "Can change jurusan", "content_type": 44, "codename": "change_jurusan"}}, {"model": "auth.permission", "pk": 175, "fields": {"name": "Can delete jurusan", "content_type": 44, "codename": "delete_jurusan"}}, {"model": "auth.permission", "pk": 176, "fields": {"name": "Can view jurusan", "content_type": 44, "codename": "view_jurusan"}}, {"model": "auth.permission", "pk": 177, "fields": {"name": "Can add mata pelajaran", "content_type": 45, "codename": "add_matapelajaran"}}, {"model": "auth.permission", "pk": 178, "fields": {"name": "Can change mata pelajaran", "content_type": 45, "codename": "change_matapelajaran"}}, {"model": "auth.permission", "pk": 179, "fields": {"name": "Can delete mata pelajaran", "content_type": 45, "codename": "delete_matapelajaran"}}, {"model": "auth.permission", "pk": 180, "fields": {"name": "Can view mata pelajaran", "content_type": 45, "codename": "view_matapelajaran"}}, {"model": "auth.permission", "pk": 181, "fields": {"name": "Can add kkm", "content_type": 46, "codename": "add_kkm"}}, {"model": "auth.permission", "pk": 182, "fields": {"name": "Can change kkm", "content_type": 46, "codename": "change_kkm"}}, {"model": "auth.permission", "pk": 183, "fields": {"name": "Can delete kkm", "content_type": 46, "codename": "delete_kkm"}}, {"model": "auth.permission", "pk": 184, "fields": {"name": "Can view kkm", "content_type": 46, "codename": "view_kkm"}}, {"model": "auth.permission", "pk": 185, "fields": {"name": "Can add kelas", "content_type": 47, "codename": "add_kelas"}}, {"model": "auth.permission", "pk": 186, "fields": {"name": "Can change kelas", "content_type": 47, "codename": "change_kelas"}}, {"model": "auth.permission", "pk": 187, "fields": {"name": "Can delete kelas", "content_type": 47, "codename": "delete_kelas"}}, {"model": "auth.permission", "pk": 188, "fields": {"name": "Can view kelas", "content_type": 47, "codename": "view_kelas"}}, {"model": "auth.permission", "pk": 189, "fields": {"name": "Can add ekskul", "content_type": 48, "codename": "add_ekskul"}}, {"model": "auth.permission", "pk": 190, "fields": {"name": "Can change ekskul", "content_type": 48, "codename": "change_ekskul"}}, {"model": "auth.permission", "pk": 191, "fields": {"name": "Can delete ekskul", "content_type": 48, "codename": "delete_ekskul"}}, {"model": "auth.permission", "pk": 192, "fields": {"name": "Can view ekskul", "content_type": 48, "codename": "view_ekskul"}}, {"model": "auth.permission", "pk": 193, "fields": {"name": "Can add rapor", "content_type": 49, "codename": "add_rapor"}}, {"model": "auth.permission", "pk": 194, "fields": {"name": "Can change rapor", "content_type": 49, "codename": "change_rapor"}}, {"model": "auth.permission", "pk": 195, "fields": {"name": "Can delete rapor", "content_type": 49, "codename": "delete_rapor"}}, {"model": "auth.permission", "pk": 196, "fields": {"name": "Can view rapor", "content_type": 49, "codename": "view_rapor"}}, {"model": "auth.permission", "pk": 197, "fields": {"name": "Can add siswa", "content_type": 50, "codename": "add_siswa"}}, {"model": "auth.permission", "pk": 198, "fields": {"name": "Can change siswa", "content_type": 50, "codename": "change_siswa"}}, {"model": "auth.permission", "pk": 199, "fields": {"name": "Can delete siswa", "content_type": 50, "codename": "delete_siswa"}}, {"model": "auth.permission", "pk": 200, "fields": {"name": "Can view siswa", "content_type": 50, "codename": "view_siswa"}}, {"model": "auth.permission", "pk": 201, "fields": {"name": "Can add nilai", "content_type": 51, "codename": "add_nilai"}}, {"model": "auth.permission", "pk": 202, "fields": {"name": "Can change nilai", "content_type": 51, "codename": "change_nilai"}}, {"model": "auth.permission", "pk": 203, "fields": {"name": "Can delete nilai", "content_type": 51, "codename": "delete_nilai"}}, {"model": "auth.permission", "pk": 204, "fields": {"name": "Can view nilai", "content_type": 51, "codename": "view_nilai"}}, {"model": "auth.permission", "pk": 205, "fields": {"name": "Can add absensi", "content_type": 52, "codename": "add_absensi"}}, {"model": "auth.permission", "pk": 206, "fields": {"name": "Can change absensi", "content_type": 52, "codename": "change_absensi"}}, {"model": "auth.permission", "pk": 207, "fields": {"name": "Can delete absensi", "content_type": 52, "codename": "delete_absensi"}}, {"model": "auth.permission", "pk": 208, "fields": {"name": "Can view absensi", "content_type": 52, "codename": "view_absensi"}}, {"model": "auth.permission", "pk": 209, "fields": {"name": "Can add nilai ekskul", "content_type": 53, "codename": "add_nilaiekskul"}}, {"model": "auth.permission", "pk": 210, "fields": {"name": "Can change nilai ekskul", "content_type": 53, "codename": "change_nilaiekskul"}}, {"model": "auth.permission", "pk": 211, "fields": {"name": "Can delete nilai ekskul", "content_type": 53, "codename": "delete_nilaiekskul"}}, {"model": "auth.permission", "pk": 212, "fields": {"name": "Can view nilai ekskul", "content_type": 53, "codename": "view_nilaiekskul"}}, {"model": "auth.permission", "pk": 213, "fields": {"name": "Can add log entry", "content_type": 54, "codename": "add_logentry"}}, {"model": "auth.permission", "pk": 214, "fields": {"name": "Can change log entry", "content_type": 54, "codename": "change_logentry"}}, {"model": "auth.permission", "pk": 215, "fields": {"name": "Can delete log entry", "content_type": 54, "codename": "delete_logentry"}}, {"model": "auth.permission", "pk": 216, "fields": {"name": "Can view log entry", "content_type": 54, "codename": "view_logentry"}}, {"model": "auth.permission", "pk": 217, "fields": {"name": "Can add permission", "content_type": 55, "codename": "add_permission"}}, {"model": "auth.permission", "pk": 218, "fields": {"name": "Can change permission", "content_type": 55, "codename": "change_permission"}}, {"model": "auth.permission", "pk": 219, "fields": {"name": "Can delete permission", "content_type": 55, "codename": "delete_permission"}}, {"model": "auth.permission", "pk": 220, "fields": {"name": "Can view permission", "content_type": 55, "codename": "view_permission"}}, {"model": "auth.permission", "pk": 221, "fields": {"name": "Can add group", "content_type": 56, "codename": "add_group"}}, {"model": "auth.permission", "pk": 222, "fields": {"name": "Can change group", "content_type": 56, "codename": "change_group"}}, {"model": "auth.permission", "pk": 223, "fields": {"name": "Can delete group", "content_type": 56, "codename": "delete_group"}}, {"model": "auth.permission", "pk": 224, "fields": {"name": "Can view group", "content_type": 56, "codename": "view_group"}}, {"model": "auth.permission", "pk": 225, "fields": {"name": "Can add content type", "content_type": 57, "codename": "add_contenttype"}}, {"model": "auth.permission", "pk": 226, "fields": {"name": "Can change content type", "content_type": 57, "codename": "change_contenttype"}}, {"model": "auth.permission", "pk": 227, "fields": {"name": "Can delete content type", "content_type": 57, "codename": "delete_contenttype"}}, {"model": "auth.permission", "pk": 228, "fields": {"name": "Can view content type", "content_type": 57, "codename": "view_contenttype"}}, {"model": "auth.permission", "pk": 229, "fields": {"name": "Can add session", "content_type": 58, "codename": "add_session"}}, {"model": "auth.permission", "pk": 230, "fields": {"name": "Can change session", "content_type": 58, "codename": "change_session"}}, {"model": "auth.permission", "pk": 231, "fields": {"name": "Can delete session", "content_type": 58, "codename": "delete_session"}}, {"model": "auth.permission", "pk": 232, "fields": {"name": "Can view session", "content_type": 58, "codename": "view_session"}}, {"model": "admin.logentry", "pk": 46, "fields": {"action_time": "2021-03-08T16:55:46.420Z", "user": 11, "content_type": 39, "object_id": "12", "object_repr": "Mona Marantika", "action_flag": 1, "change_message": "[{\"added\": {}}]"}}, {"model": "admin.logentry", "pk": 47, "fields": {"action_time": "2021-03-08T18:27:11.641Z", "user": 11, "content_type": 39, "object_id": "12", "object_repr": "Mona Marantika", "action_flag": 2, "change_message": "[]"}}, {"model": "admin.logentry", "pk": 48, "fields": {"action_time": "2021-03-08T18:28:27.993Z", "user": 11, "content_type": 39, "object_id": "12", "object_repr": "Mona Marantika", "action_flag": 2, "change_message": "[{\"changed\": {\"fields\": [\"Avatar\"]}}]"}}, {"model": "admin.logentry", "pk": 49, "fields": {"action_time": "2021-03-08T18:29:07.611Z", "user": 11, "content_type": 39, "object_id": "11", "object_repr": "Jhin", "action_flag": 2, "change_message": "[{\"changed\": {\"fields\": [\"Email\", \"Tempat lahir\", \"Tanggal lahir\", \"Agama\", \"Alamat\", \"Avatar\"]}}]"}}, {"model": "admin.logentry", "pk": 50, "fields": {"action_time": "2021-03-08T18:33:50.519Z", "user": 11, "content_type": 39, "object_id": "11", "object_repr": "Jhin", "action_flag": 2, "change_message": "[{\"changed\": {\"fields\": [\"Avatar\"]}}]"}}, {"model": "admin.logentry", "pk": 51, "fields": {"action_time": "2021-03-08T18:35:55.442Z", "user": 11, "content_type": 39, "object_id": "11", "object_repr": "Jhin", "action_flag": 2, "change_message": "[{\"changed\": {\"fields\": [\"Avatar\"]}}]"}}, {"model": "admin.logentry", "pk": 52, "fields": {"action_time": "2021-03-08T18:36:11.296Z", "user": 11, "content_type": 39, "object_id": "11", "object_repr": "Jhin", "action_flag": 2, "change_message": "[{\"changed\": {\"fields\": [\"Avatar\"]}}]"}}, {"model": "admin.logentry", "pk": 53, "fields": {"action_time": "2021-03-08T18:38:04.889Z", "user": 11, "content_type": 39, "object_id": "11", "object_repr": "Jhin", "action_flag": 2, "change_message": "[{\"changed\": {\"fields\": [\"Avatar\"]}}]"}}, {"model": "admin.logentry", "pk": 54, "fields": {"action_time": "2021-03-08T18:38:45.504Z", "user": 11, "content_type": 39, "object_id": "11", "object_repr": "Jhin", "action_flag": 2, "change_message": "[{\"changed\": {\"fields\": [\"Avatar\"]}}]"}}, {"model": "admin.logentry", "pk": 55, "fields": {"action_time": "2021-03-08T18:39:13.104Z", "user": 11, "content_type": 39, "object_id": "11", "object_repr": "Jhin", "action_flag": 2, "change_message": "[{\"changed\": {\"fields\": [\"Avatar\"]}}]"}}, {"model": "admin.logentry", "pk": 56, "fields": {"action_time": "2021-03-08T18:39:33.650Z", "user": 11, "content_type": 39, "object_id": "11", "object_repr": "Jhin", "action_flag": 2, "change_message": "[{\"changed\": {\"fields\": [\"Avatar\"]}}]"}}, {"model": "admin.logentry", "pk": 57, "fields": {"action_time": "2021-03-08T18:41:37.578Z", "user": 11, "content_type": 39, "object_id": "11", "object_repr": "Jhin", "action_flag": 2, "change_message": "[{\"changed\": {\"fields\": [\"Avatar\"]}}]"}}, {"model": "admin.logentry", "pk": 58, "fields": {"action_time": "2021-03-08T18:42:05.067Z", "user": 11, "content_type": 39, "object_id": "11", "object_repr": "Jhin", "action_flag": 2, "change_message": "[{\"changed\": {\"fields\": [\"Avatar\"]}}]"}}, {"model": "admin.logentry", "pk": 59, "fields": {"action_time": "2021-03-08T18:56:50.868Z", "user": 11, "content_type": 39, "object_id": "11", "object_repr": "Jhin", "action_flag": 2, "change_message": "[]"}}, {"model": "admin.logentry", "pk": 60, "fields": {"action_time": "2021-03-08T18:56:59.152Z", "user": 11, "content_type": 39, "object_id": "11", "object_repr": "Jhin", "action_flag": 2, "change_message": "[{\"changed\": {\"fields\": [\"Avatar\"]}}]"}}, {"model": "admin.logentry", "pk": 61, "fields": {"action_time": "2021-03-08T18:57:30.121Z", "user": 11, "content_type": 39, "object_id": "11", "object_repr": "Jhin", "action_flag": 2, "change_message": "[{\"changed\": {\"fields\": [\"Avatar\"]}}]"}}, {"model": "admin.logentry", "pk": 62, "fields": {"action_time": "2021-03-08T18:59:05.883Z", "user": 11, "content_type": 39, "object_id": "11", "object_repr": "Jhin", "action_flag": 2, "change_message": "[]"}}, {"model": "admin.logentry", "pk": 63, "fields": {"action_time": "2021-03-09T04:05:09.595Z", "user": 11, "content_type": 39, "object_id": "12", "object_repr": "Mona Marantika", "action_flag": 2, "change_message": "[{\"changed\": {\"fields\": [\"Avatar\"]}}]"}}, {"model": "admin.logentry", "pk": 64, "fields": {"action_time": "2021-03-09T06:50:34.785Z", "user": 11, "content_type": 39, "object_id": "11", "object_repr": "Jhin", "action_flag": 2, "change_message": "[{\"changed\": {\"fields\": [\"Avatar\"]}}]"}}, {"model": "admin.logentry", "pk": 65, "fields": {"action_time": "2021-03-09T08:19:52.284Z", "user": 11, "content_type": 39, "object_id": "11", "object_repr": "Jhin", "action_flag": 2, "change_message": "[{\"changed\": {\"fields\": [\"Avatar\"]}}]"}}, {"model": "admin.logentry", "pk": 66, "fields": {"action_time": "2021-03-09T08:24:53.696Z", "user": 11, "content_type": 39, "object_id": "11", "object_repr": "Jhin", "action_flag": 2, "change_message": "[{\"changed\": {\"fields\": [\"Avatar\"]}}]"}}, {"model": "admin.logentry", "pk": 67, "fields": {"action_time": "2021-03-09T08:25:09.695Z", "user": 11, "content_type": 39, "object_id": "11", "object_repr": "Jhin", "action_flag": 2, "change_message": "[{\"changed\": {\"fields\": [\"Avatar\"]}}]"}}, {"model": "admin.logentry", "pk": 68, "fields": {"action_time": "2021-03-09T08:25:21.141Z", "user": 11, "content_type": 39, "object_id": "11", "object_repr": "Jhin", "action_flag": 2, "change_message": "[{\"changed\": {\"fields\": [\"Avatar\"]}}]"}}, {"model": "admin.logentry", "pk": 69, "fields": {"action_time": "2021-03-09T08:41:03.503Z", "user": 11, "content_type": 39, "object_id": "11", "object_repr": "Jhin", "action_flag": 2, "change_message": "[{\"changed\": {\"fields\": [\"Avatar\"]}}]"}}, {"model": "admin.logentry", "pk": 70, "fields": {"action_time": "2021-03-09T08:41:34.361Z", "user": 11, "content_type": 39, "object_id": "11", "object_repr": "Jhin", "action_flag": 2, "change_message": "[{\"changed\": {\"fields\": [\"Avatar\"]}}]"}}, {"model": "admin.logentry", "pk": 71, "fields": {"action_time": "2021-03-09T08:43:45.369Z", "user": 11, "content_type": 39, "object_id": "11", "object_repr": "Jhin", "action_flag": 2, "change_message": "[{\"changed\": {\"fields\": [\"Avatar\"]}}]"}}, {"model": "admin.logentry", "pk": 72, "fields": {"action_time": "2021-03-09T08:45:09.016Z", "user": 11, "content_type": 39, "object_id": "11", "object_repr": "Jhin", "action_flag": 2, "change_message": "[{\"changed\": {\"fields\": [\"Avatar\"]}}]"}}, {"model": "admin.logentry", "pk": 73, "fields": {"action_time": "2021-03-09T08:45:58.750Z", "user": 11, "content_type": 39, "object_id": "11", "object_repr": "Jhin", "action_flag": 2, "change_message": "[{\"changed\": {\"fields\": [\"Avatar\"]}}]"}}, {"model": "admin.logentry", "pk": 74, "fields": {"action_time": "2021-03-09T08:49:55.240Z", "user": 11, "content_type": 39, "object_id": "11", "object_repr": "Jhin", "action_flag": 2, "change_message": "[{\"changed\": {\"fields\": [\"Avatar\"]}}]"}}, {"model": "admin.logentry", "pk": 75, "fields": {"action_time": "2021-03-09T08:50:56.407Z", "user": 11, "content_type": 39, "object_id": "11", "object_repr": "Jhin", "action_flag": 2, "change_message": "[{\"changed\": {\"fields\": [\"Avatar\"]}}]"}}, {"model": "admin.logentry", "pk": 76, "fields": {"action_time": "2021-03-09T08:51:14.746Z", "user": 11, "content_type": 39, "object_id": "11", "object_repr": "Jhin", "action_flag": 2, "change_message": "[{\"changed\": {\"fields\": [\"Avatar\"]}}]"}}, {"model": "admin.logentry", "pk": 77, "fields": {"action_time": "2021-03-09T08:51:46.750Z", "user": 11, "content_type": 39, "object_id": "11", "object_repr": "Jhin", "action_flag": 2, "change_message": "[{\"changed\": {\"fields\": [\"Avatar\"]}}]"}}, {"model": "admin.logentry", "pk": 78, "fields": {"action_time": "2021-03-09T08:53:38.345Z", "user": 11, "content_type": 39, "object_id": "11", "object_repr": "Jhin", "action_flag": 2, "change_message": "[{\"changed\": {\"fields\": [\"Avatar\"]}}]"}}, {"model": "admin.logentry", "pk": 79, "fields": {"action_time": "2021-03-09T08:55:16.008Z", "user": 11, "content_type": 39, "object_id": "11", "object_repr": "Jhin", "action_flag": 2, "change_message": "[{\"changed\": {\"fields\": [\"Avatar\"]}}]"}}, {"model": "admin.logentry", "pk": 80, "fields": {"action_time": "2021-03-09T08:58:28.906Z", "user": 11, "content_type": 39, "object_id": "11", "object_repr": "Jhin", "action_flag": 2, "change_message": "[{\"changed\": {\"fields\": [\"Avatar\"]}}]"}}, {"model": "admin.logentry", "pk": 81, "fields": {"action_time": "2021-03-09T08:59:24.854Z", "user": 11, "content_type": 39, "object_id": "11", "object_repr": "Jhin", "action_flag": 2, "change_message": "[{\"changed\": {\"fields\": [\"Avatar\"]}}]"}}, {"model": "admin.logentry", "pk": 82, "fields": {"action_time": "2021-03-09T08:59:54.580Z", "user": 11, "content_type": 39, "object_id": "11", "object_repr": "Jhin", "action_flag": 2, "change_message": "[{\"changed\": {\"fields\": [\"Avatar\"]}}]"}}, {"model": "admin.logentry", "pk": 83, "fields": {"action_time": "2021-03-09T09:16:42.808Z", "user": 11, "content_type": 39, "object_id": "11", "object_repr": "Jhin", "action_flag": 2, "change_message": "[{\"changed\": {\"fields\": [\"Avatar\"]}}]"}}, {"model": "admin.logentry", "pk": 84, "fields": {"action_time": "2021-03-09T09:47:45.020Z", "user": 11, "content_type": 39, "object_id": "11", "object_repr": "Jhin", "action_flag": 2, "change_message": "[]"}}, {"model": "admin.logentry", "pk": 85, "fields": {"action_time": "2021-03-09T09:48:20.628Z", "user": 11, "content_type": 39, "object_id": "11", "object_repr": "Jhin", "action_flag": 2, "change_message": "[]"}}, {"model": "admin.logentry", "pk": 86, "fields": {"action_time": "2021-03-09T09:49:00.472Z", "user": 11, "content_type": 39, "object_id": "11", "object_repr": "Jhin", "action_flag": 2, "change_message": "[{\"changed\": {\"fields\": [\"Avatar\"]}}]"}}, {"model": "admin.logentry", "pk": 87, "fields": {"action_time": "2021-03-09T09:49:40.470Z", "user": 11, "content_type": 39, "object_id": "11", "object_repr": "Jhin", "action_flag": 2, "change_message": "[{\"changed\": {\"fields\": [\"Avatar\"]}}]"}}, {"model": "admin.logentry", "pk": 88, "fields": {"action_time": "2021-03-09T09:49:59.866Z", "user": 11, "content_type": 39, "object_id": "11", "object_repr": "Jhin", "action_flag": 2, "change_message": "[{\"changed\": {\"fields\": [\"Avatar\"]}}]"}}, {"model": "admin.logentry", "pk": 89, "fields": {"action_time": "2021-03-09T09:52:58.383Z", "user": 11, "content_type": 39, "object_id": "11", "object_repr": "Jhin", "action_flag": 2, "change_message": "[{\"changed\": {\"fields\": [\"Avatar\"]}}]"}}, {"model": "admin.logentry", "pk": 90, "fields": {"action_time": "2021-03-09T09:53:16.474Z", "user": 11, "content_type": 39, "object_id": "11", "object_repr": "Jhin", "action_flag": 2, "change_message": "[{\"changed\": {\"fields\": [\"Avatar\"]}}]"}}, {"model": "admin.logentry", "pk": 91, "fields": {"action_time": "2021-03-09T09:53:59.168Z", "user": 11, "content_type": 39, "object_id": "11", "object_repr": "Jhin", "action_flag": 2, "change_message": "[{\"changed\": {\"fields\": [\"Avatar\"]}}]"}}, {"model": "admin.logentry", "pk": 92, "fields": {"action_time": "2021-03-09T09:54:11.403Z", "user": 11, "content_type": 39, "object_id": "11", "object_repr": "Jhin", "action_flag": 2, "change_message": "[{\"changed\": {\"fields\": [\"Avatar\"]}}]"}}, {"model": "admin.logentry", "pk": 93, "fields": {"action_time": "2021-03-09T09:56:24.849Z", "user": 11, "content_type": 39, "object_id": "11", "object_repr": "Jhin", "action_flag": 2, "change_message": "[{\"changed\": {\"fields\": [\"Avatar\"]}}]"}}, {"model": "admin.logentry", "pk": 94, "fields": {"action_time": "2021-03-09T09:56:38.255Z", "user": 11, "content_type": 39, "object_id": "11", "object_repr": "Jhin", "action_flag": 2, "change_message": "[{\"changed\": {\"fields\": [\"Avatar\"]}}]"}}, {"model": "admin.logentry", "pk": 95, "fields": {"action_time": "2021-03-09T09:58:58.285Z", "user": 11, "content_type": 39, "object_id": "11", "object_repr": "Jhin", "action_flag": 2, "change_message": "[{\"changed\": {\"fields\": [\"Avatar\"]}}]"}}, {"model": "admin.logentry", "pk": 96, "fields": {"action_time": "2021-03-09T09:59:47.247Z", "user": 11, "content_type": 39, "object_id": "11", "object_repr": "Jhin", "action_flag": 2, "change_message": "[{\"changed\": {\"fields\": [\"Avatar\"]}}]"}}, {"model": "admin.logentry", "pk": 97, "fields": {"action_time": "2021-03-09T10:00:01.843Z", "user": 11, "content_type": 39, "object_id": "11", "object_repr": "Jhin", "action_flag": 2, "change_message": "[{\"changed\": {\"fields\": [\"Avatar\"]}}]"}}, {"model": "admin.logentry", "pk": 98, "fields": {"action_time": "2021-03-09T10:00:29.953Z", "user": 11, "content_type": 39, "object_id": "11", "object_repr": "Jhin", "action_flag": 2, "change_message": "[{\"changed\": {\"fields\": [\"Avatar\"]}}]"}}, {"model": "admin.logentry", "pk": 99, "fields": {"action_time": "2021-03-09T10:02:58.304Z", "user": 11, "content_type": 39, "object_id": "11", "object_repr": "Jhin", "action_flag": 2, "change_message": "[]"}}, {"model": "admin.logentry", "pk": 100, "fields": {"action_time": "2021-03-09T10:03:21.465Z", "user": 11, "content_type": 39, "object_id": "11", "object_repr": "Jhin", "action_flag": 2, "change_message": "[{\"changed\": {\"fields\": [\"Avatar\"]}}]"}}, {"model": "admin.logentry", "pk": 101, "fields": {"action_time": "2021-03-09T10:03:37.800Z", "user": 11, "content_type": 39, "object_id": "11", "object_repr": "Jhin", "action_flag": 2, "change_message": "[{\"changed\": {\"fields\": [\"Avatar\"]}}]"}}, {"model": "admin.logentry", "pk": 102, "fields": {"action_time": "2021-03-09T10:04:17.593Z", "user": 11, "content_type": 39, "object_id": "11", "object_repr": "Jhin", "action_flag": 2, "change_message": "[]"}}, {"model": "admin.logentry", "pk": 103, "fields": {"action_time": "2021-03-09T10:04:28.923Z", "user": 11, "content_type": 39, "object_id": "11", "object_repr": "Jhin", "action_flag": 2, "change_message": "[{\"changed\": {\"fields\": [\"Avatar\"]}}]"}}, {"model": "admin.logentry", "pk": 104, "fields": {"action_time": "2021-03-09T10:07:28.790Z", "user": 11, "content_type": 39, "object_id": "11", "object_repr": "Jhin", "action_flag": 2, "change_message": "[{\"changed\": {\"fields\": [\"Avatar\"]}}]"}}, {"model": "admin.logentry", "pk": 105, "fields": {"action_time": "2021-03-09T10:09:41.228Z", "user": 11, "content_type": 39, "object_id": "11", "object_repr": "Jhin", "action_flag": 2, "change_message": "[{\"changed\": {\"fields\": [\"Avatar\"]}}]"}}, {"model": "admin.logentry", "pk": 106, "fields": {"action_time": "2021-03-09T10:09:53.125Z", "user": 11, "content_type": 39, "object_id": "11", "object_repr": "Jhin", "action_flag": 2, "change_message": "[{\"changed\": {\"fields\": [\"Avatar\"]}}]"}}, {"model": "admin.logentry", "pk": 107, "fields": {"action_time": "2021-03-09T10:10:03.484Z", "user": 11, "content_type": 39, "object_id": "11", "object_repr": "Jhin", "action_flag": 2, "change_message": "[{\"changed\": {\"fields\": [\"Avatar\"]}}]"}}, {"model": "admin.logentry", "pk": 108, "fields": {"action_time": "2021-03-09T10:11:29.936Z", "user": 11, "content_type": 39, "object_id": "11", "object_repr": "Jhin", "action_flag": 2, "change_message": "[{\"changed\": {\"fields\": [\"Avatar\"]}}]"}}, {"model": "admin.logentry", "pk": 109, "fields": {"action_time": "2021-03-09T10:11:48.596Z", "user": 11, "content_type": 39, "object_id": "12", "object_repr": "Mona Marantika", "action_flag": 2, "change_message": "[{\"changed\": {\"fields\": [\"Avatar\"]}}]"}}, {"model": "admin.logentry", "pk": 110, "fields": {"action_time": "2021-03-09T10:26:36.197Z", "user": 11, "content_type": 40, "object_id": "4", "object_repr": "Jhin S.Pd. Universitas Indonesia", "action_flag": 1, "change_message": "[{\"added\": {}}]"}}, {"model": "admin.logentry", "pk": 111, "fields": {"action_time": "2021-03-09T10:27:00.758Z", "user": 11, "content_type": 40, "object_id": "5", "object_repr": "Jhin A.Adm. Universitas Gadjah Mada", "action_flag": 1, "change_message": "[{\"added\": {}}]"}}, {"model": "admin.logentry", "pk": 112, "fields": {"action_time": "2021-03-09T10:27:20.863Z", "user": 11, "content_type": 40, "object_id": "6", "object_repr": "Jhin M.E. Universitas Indonesia", "action_flag": 1, "change_message": "[{\"added\": {}}]"}}, {"model": "admin.logentry", "pk": 113, "fields": {"action_time": "2021-03-09T10:29:14.213Z", "user": 11, "content_type": 40, "object_id": "7", "object_repr": "Jhin Dr.K.M. Universitas Indonesia", "action_flag": 1, "change_message": "[{\"added\": {}}]"}}, {"model": "admin.logentry", "pk": 114, "fields": {"action_time": "2021-03-09T10:52:22.286Z", "user": 11, "content_type": 39, "object_id": "11", "object_repr": "Jhin", "action_flag": 2, "change_message": "[]"}}, {"model": "admin.logentry", "pk": 115, "fields": {"action_time": "2021-03-09T10:58:54.701Z", "user": 11, "content_type": 40, "object_id": "6", "object_repr": "Jhin M.E. Universitas Indonesia", "action_flag": 3, "change_message": ""}}, {"model": "admin.logentry", "pk": 116, "fields": {"action_time": "2021-03-09T10:58:54.823Z", "user": 11, "content_type": 40, "object_id": "5", "object_repr": "Jhin A.Adm. Universitas Gadjah Mada", "action_flag": 3, "change_message": ""}}, {"model": "admin.logentry", "pk": 117, "fields": {"action_time": "2021-03-09T11:00:55.499Z", "user": 11, "content_type": 40, "object_id": "7", "object_repr": "Jhin Dr.K.M. Universitas Indonesia", "action_flag": 3, "change_message": ""}}, {"model": "admin.logentry", "pk": 118, "fields": {"action_time": "2021-03-09T11:31:02.634Z", "user": 11, "content_type": 39, "object_id": "11", "object_repr": "Jhin", "action_flag": 2, "change_message": "[{\"changed\": {\"fields\": [\"Avatar\"]}}]"}}, {"model": "admin.logentry", "pk": 119, "fields": {"action_time": "2021-03-09T11:33:19.657Z", "user": 11, "content_type": 39, "object_id": "11", "object_repr": "Jhin", "action_flag": 2, "change_message": "[{\"changed\": {\"fields\": [\"Avatar\"]}}]"}}, {"model": "admin.logentry", "pk": 120, "fields": {"action_time": "2021-03-09T11:59:26.546Z", "user": 11, "content_type": 40, "object_id": "8", "object_repr": "Jhin S.Si. Universitas Indonesia", "action_flag": 1, "change_message": "[{\"added\": {}}]"}}, {"model": "admin.logentry", "pk": 121, "fields": {"action_time": "2021-03-09T12:00:01.991Z", "user": 11, "content_type": 39, "object_id": "11", "object_repr": "Jhin", "action_flag": 2, "change_message": "[]"}}, {"model": "admin.logentry", "pk": 122, "fields": {"action_time": "2021-03-09T12:01:48.792Z", "user": 11, "content_type": 39, "object_id": "11", "object_repr": "Jhin", "action_flag": 2, "change_message": "[]"}}, {"model": "admin.logentry", "pk": 123, "fields": {"action_time": "2021-03-09T12:02:12.081Z", "user": 11, "content_type": 39, "object_id": "11", "object_repr": "Jhin", "action_flag": 2, "change_message": "[]"}}, {"model": "admin.logentry", "pk": 124, "fields": {"action_time": "2021-03-09T12:03:45.252Z", "user": 11, "content_type": 39, "object_id": "11", "object_repr": "Jhin", "action_flag": 2, "change_message": "[]"}}, {"model": "admin.logentry", "pk": 125, "fields": {"action_time": "2021-03-09T12:04:57.017Z", "user": 11, "content_type": 39, "object_id": "11", "object_repr": "Jhin", "action_flag": 2, "change_message": "[{\"changed\": {\"fields\": [\"Avatar\"]}}]"}}, {"model": "admin.logentry", "pk": 126, "fields": {"action_time": "2021-03-09T12:06:09.494Z", "user": 11, "content_type": 39, "object_id": "11", "object_repr": "Jhin", "action_flag": 2, "change_message": "[{\"changed\": {\"fields\": [\"Avatar\"]}}]"}}, {"model": "admin.logentry", "pk": 127, "fields": {"action_time": "2021-03-09T12:11:40.831Z", "user": 11, "content_type": 40, "object_id": "8", "object_repr": "Jhin S.Si. Universitas Indonesia", "action_flag": 3, "change_message": ""}}, {"model": "admin.logentry", "pk": 128, "fields": {"action_time": "2021-03-09T12:18:17.802Z", "user": 11, "content_type": 40, "object_id": "4", "object_repr": "Jhin S.Pd. Universitas Indonesia", "action_flag": 3, "change_message": ""}}, {"model": "admin.logentry", "pk": 129, "fields": {"action_time": "2021-03-09T12:19:53.152Z", "user": 11, "content_type": 39, "object_id": "13", "object_repr": "Hasbi Hawarizmi", "action_flag": 1, "change_message": "[{\"added\": {}}]"}}, {"model": "admin.logentry", "pk": 130, "fields": {"action_time": "2021-03-09T12:42:39.510Z", "user": 11, "content_type": 39, "object_id": "11", "object_repr": "Jhin", "action_flag": 2, "change_message": "[{\"changed\": {\"fields\": [\"Avatar\"]}}]"}}, {"model": "admin.logentry", "pk": 131, "fields": {"action_time": "2021-03-09T12:43:12.024Z", "user": 11, "content_type": 39, "object_id": "13", "object_repr": "Hasbi Hawarizmi", "action_flag": 2, "change_message": "[{\"changed\": {\"fields\": [\"Walikelas\", \"Staf TU\"]}}]"}}, {"model": "admin.logentry", "pk": 132, "fields": {"action_time": "2021-03-09T12:45:07.092Z", "user": 11, "content_type": 39, "object_id": "13", "object_repr": "Hasbi Hawarizmi", "action_flag": 2, "change_message": "[{\"changed\": {\"fields\": [\"Walikelas\"]}}]"}}, {"model": "admin.logentry", "pk": 133, "fields": {"action_time": "2021-03-09T12:47:10.934Z", "user": 11, "content_type": 40, "object_id": "9", "object_repr": "Jhin S.E. Universitas Gadjah Mada", "action_flag": 1, "change_message": "[{\"added\": {}}]"}}, {"model": "admin.logentry", "pk": 134, "fields": {"action_time": "2021-03-09T18:15:08.393Z", "user": 11, "content_type": 39, "object_id": "11", "object_repr": "Jhin", "action_flag": 2, "change_message": "[{\"changed\": {\"fields\": [\"Avatar\"]}}]"}}, {"model": "admin.logentry", "pk": 135, "fields": {"action_time": "2021-03-10T07:30:21.991Z", "user": 11, "content_type": 39, "object_id": "11", "object_repr": "Jhin", "action_flag": 2, "change_message": "[{\"changed\": {\"fields\": [\"Avatar\"]}}]"}}, {"model": "admin.logentry", "pk": 136, "fields": {"action_time": "2021-03-10T10:17:53.266Z", "user": 11, "content_type": 39, "object_id": "11", "object_repr": "Jhin Kazama", "action_flag": 2, "change_message": "[{\"changed\": {\"fields\": [\"Avatar\"]}}]"}}, {"model": "admin.logentry", "pk": 137, "fields": {"action_time": "2021-03-10T10:18:18.337Z", "user": 11, "content_type": 39, "object_id": "11", "object_repr": "Jhin Kazama", "action_flag": 2, "change_message": "[{\"changed\": {\"fields\": [\"Avatar\"]}}]"}}, {"model": "admin.logentry", "pk": 138, "fields": {"action_time": "2021-03-10T10:19:03.982Z", "user": 11, "content_type": 39, "object_id": "11", "object_repr": "Jhin Kazama", "action_flag": 2, "change_message": "[{\"changed\": {\"fields\": [\"Avatar\"]}}]"}}, {"model": "admin.logentry", "pk": 139, "fields": {"action_time": "2021-03-10T10:22:18.400Z", "user": 11, "content_type": 39, "object_id": "11", "object_repr": "Jhin Kazama", "action_flag": 2, "change_message": "[{\"changed\": {\"fields\": [\"Avatar\"]}}]"}}, {"model": "admin.logentry", "pk": 140, "fields": {"action_time": "2021-03-10T16:09:07.033Z", "user": 11, "content_type": 41, "object_id": "1", "object_repr": "Informasi Sekolah", "action_flag": 2, "change_message": "[{\"changed\": {\"fields\": [\"Nama\", \"Tingkat Sekolah\", \"Npsn\", \"Alamat\", \"Kode pos\", \"Nomor Telepon\", \"Kelurahan\", \"Kecamatan\", \"Kota/Kabupaten\", \"Provinsi\", \"Website\", \"Email\", \"Kepala Sekolah\"]}}]"}}, {"model": "admin.logentry", "pk": 141, "fields": {"action_time": "2021-03-10T16:09:16.285Z", "user": 11, "content_type": 39, "object_id": "14", "object_repr": "Hariz Sufyan Munawar", "action_flag": 2, "change_message": "[{\"changed\": {\"fields\": [\"Is active\"]}}]"}}, {"model": "admin.logentry", "pk": 142, "fields": {"action_time": "2021-03-10T16:09:25.795Z", "user": 11, "content_type": 39, "object_id": "13", "object_repr": "Hasbi Hawarizmi", "action_flag": 2, "change_message": "[{\"changed\": {\"fields\": [\"Is active\"]}}]"}}, {"model": "admin.logentry", "pk": 143, "fields": {"action_time": "2021-03-10T16:09:45.398Z", "user": 11, "content_type": 44, "object_id": "18", "object_repr": "RPL", "action_flag": 1, "change_message": "[{\"added\": {}}]"}}, {"model": "admin.logentry", "pk": 144, "fields": {"action_time": "2021-03-10T16:10:03.263Z", "user": 11, "content_type": 47, "object_id": "6", "object_repr": "12-RPL-A 2021/2022", "action_flag": 1, "change_message": "[{\"added\": {}}]"}}, {"model": "admin.logentry", "pk": 145, "fields": {"action_time": "2021-03-10T16:10:50.560Z", "user": 11, "content_type": 47, "object_id": "7", "object_repr": "12-RPL-B 2021/2022", "action_flag": 1, "change_message": "[{\"added\": {}}]"}}, {"model": "admin.logentry", "pk": 146, "fields": {"action_time": "2021-03-10T16:11:04.520Z", "user": 11, "content_type": 47, "object_id": "8", "object_repr": "11-RPL-A 2021/2022", "action_flag": 1, "change_message": "[{\"added\": {}}]"}}, {"model": "admin.logentry", "pk": 147, "fields": {"action_time": "2021-03-10T16:11:17.686Z", "user": 11, "content_type": 47, "object_id": "9", "object_repr": "11-RPL-B 2021/2022", "action_flag": 1, "change_message": "[{\"added\": {}}]"}}, {"model": "admin.logentry", "pk": 148, "fields": {"action_time": "2021-03-10T17:23:44.765Z", "user": 11, "content_type": 50, "object_id": "1", "object_repr": "0040172372/123213-Hariz Sufyan Munawar", "action_flag": 1, "change_message": "[{\"added\": {}}]"}}, {"model": "admin.logentry", "pk": 149, "fields": {"action_time": "2021-03-10T17:25:25.408Z", "user": 11, "content_type": 50, "object_id": "1", "object_repr": "0040172372/123213-Hariz Sufyan Munawar", "action_flag": 2, "change_message": "[{\"changed\": {\"fields\": [\"Kelas\"]}}]"}}, {"model": "admin.logentry", "pk": 150, "fields": {"action_time": "2021-03-10T17:29:38.204Z", "user": 11, "content_type": 47, "object_id": "10", "object_repr": "12-RPL-A 2022/2023", "action_flag": 1, "change_message": "[{\"added\": {}}]"}}, {"model": "admin.logentry", "pk": 151, "fields": {"action_time": "2021-03-10T17:29:55.872Z", "user": 11, "content_type": 50, "object_id": "1", "object_repr": "0040172372/123213-Hariz Sufyan Munawar", "action_flag": 2, "change_message": "[{\"changed\": {\"fields\": [\"Kelas\"]}}]"}}, {"model": "admin.logentry", "pk": 152, "fields": {"action_time": "2021-03-10T17:37:40.358Z", "user": 11, "content_type": 50, "object_id": "2", "object_repr": "0035469849/123576658-Hasbi Hawarizmi", "action_flag": 1, "change_message": "[{\"added\": {}}]"}}, {"model": "admin.logentry", "pk": 153, "fields": {"action_time": "2021-03-11T09:13:23.275Z", "user": 11, "content_type": 50, "object_id": "3", "object_repr": "0040172372/123213-Hariz Sufyan Munawar", "action_flag": 1, "change_message": "[{\"added\": {}}]"}}, {"model": "admin.logentry", "pk": 154, "fields": {"action_time": "2021-03-11T09:28:15.239Z", "user": 11, "content_type": 50, "object_id": "3", "object_repr": "0040172372/123213-Hariz Sufyan Munawar", "action_flag": 2, "change_message": "[]"}}, {"model": "admin.logentry", "pk": 155, "fields": {"action_time": "2021-03-11T09:28:42.554Z", "user": 11, "content_type": 50, "object_id": "3", "object_repr": "0040172372/123213-Hariz Sufyan Munawar", "action_flag": 2, "change_message": "[{\"changed\": {\"fields\": [\"Kelas\"]}}]"}}, {"model": "admin.logentry", "pk": 156, "fields": {"action_time": "2021-03-11T09:28:49.139Z", "user": 11, "content_type": 50, "object_id": "3", "object_repr": "0040172372/123213-Hariz Sufyan Munawar", "action_flag": 2, "change_message": "[{\"changed\": {\"fields\": [\"Kelas\"]}}]"}}, {"model": "admin.logentry", "pk": 157, "fields": {"action_time": "2021-03-11T13:38:50.289Z", "user": 11, "content_type": 45, "object_id": "14", "object_repr": "Bahasa Indonesia/NA", "action_flag": 1, "change_message": "[{\"added\": {}}]"}}, {"model": "admin.logentry", "pk": 158, "fields": {"action_time": "2021-03-11T13:39:00.400Z", "user": 11, "content_type": 45, "object_id": "15", "object_repr": "Pemrograman Dasar/WS", "action_flag": 1, "change_message": "[{\"added\": {}}]"}}, {"model": "admin.logentry", "pk": 159, "fields": {"action_time": "2021-03-11T15:54:50.001Z", "user": 11, "content_type": 47, "object_id": "6", "object_repr": "12-RPL-A 2021/2022", "action_flag": 2, "change_message": "[]"}}, {"model": "admin.logentry", "pk": 160, "fields": {"action_time": "2021-03-11T16:02:18.892Z", "user": 11, "content_type": 47, "object_id": "6", "object_repr": "12-RPL-A 2021/2022", "action_flag": 2, "change_message": "[{\"changed\": {\"fields\": [\"Matapelajaran\"]}}]"}}, {"model": "admin.logentry", "pk": 161, "fields": {"action_time": "2021-03-11T16:35:31.894Z", "user": 11, "content_type": 50, "object_id": "4", "object_repr": "0035469849/231123213-Hasbi Hawarizmi", "action_flag": 1, "change_message": "[{\"added\": {}}]"}}, {"model": "admin.logentry", "pk": 162, "fields": {"action_time": "2021-03-12T16:30:42.141Z", "user": 11, "content_type": 48, "object_id": "8", "object_repr": "FDI", "action_flag": 1, "change_message": "[{\"added\": {}}]"}}, {"model": "admin.logentry", "pk": 163, "fields": {"action_time": "2021-03-12T16:30:53.647Z", "user": 11, "content_type": 48, "object_id": "9", "object_repr": "Basket", "action_flag": 1, "change_message": "[{\"added\": {}}]"}}, {"model": "admin.logentry", "pk": 164, "fields": {"action_time": "2021-03-12T16:49:09.886Z", "user": 11, "content_type": 53, "object_id": "6", "object_repr": "0031068496/123213512-Shaddam Amru - Basket - A", "action_flag": 1, "change_message": "[{\"added\": {}}]"}}]